name,department,email,salary,years_at_company,start_date
Nicholas Maldonado,CEO,nicholas.maldonado@polars.io,250000,9,2016-07-14
Michael Fletcher,Operations,michael.fletcher@polars.io,96540,9,2016-02-13
Jeffrey Tanner,,jeffrey.tanner@polars.io,126489,10,2015-03-01
Diana Weaver,HR,diana.weaver@polars.io,84672,5,2019-11-25
Sierra Ross,,sierra.ross@polars.io,148601,7,2018-02-14
Melissa Page,Marketing,melissa.page@polars.io,114120,9,2015-12-28
Martin Adams,,martin.adams@polars.io,61705,0,2024-10-28
Jessica Hill,Marketing,jessica.hill@polars.io,135265,5,2019-10-04
Matthew Garcia,Marketing,matthew.garcia@polars.io,118913,9,2016-02-25
Gregory Ward,,gregory.ward@polars.io,134169,7,2018-06-16
Brian Cooper,Engineering,brian.cooper@polars.io,156239,10,2015-02-03
Christopher Hurst,Finance,christopher.hurst@polars.io,156291,4,2020-08-16
Gregory Flores,Marketing,gregory.flores@polars.io,138482,10,2015-02-17
John Reynolds,Operations,john.reynolds@polars.io,89825,8,2017-03-17
Brandi Medina,Sales,brandi.medina@polars.io,81482,10,2015-02-06
Robert Brown,Marketing,robert.brown@polars.io,89170,0,2024-08-15
Kaitlin Garza,,kaitlin.garza@polars.io,79372,4,2020-12-15
Rhonda Grimes,HR,rhonda.grimes@polars.io,85445,0,2024-09-21
Brianna Harris,Marketing,brianna.harris@polars.io,117489,3,2022-01-23
Daniel Price,Marketing,daniel.price@polars.io,126751,3,2021-07-31
Kathryn Williams,,kathryn.williams@polars.io,86177,10,2015-01-17
Alicia Mueller,,alicia.mueller@polars.io,74673,2,2022-08-15
Wendy Thomas,,wendy.thomas@polars.io,66870,4,2021-05-29
Donald Smith,HR,donald.smith@polars.io,68384,4,2020-10-04
Kimberly Lopez,Finance,kimberly.lopez@polars.io,143995,10,2015-01-29
Mrs. Rhonda Hodges,Marketing,mrs..hodges@polars.io,85852,3,2022-01-17
Kaitlyn Young,Operations,kaitlyn.young@polars.io,128772,4,2020-12-14
Penny Silva,Finance,penny.silva@polars.io,163426,5,2020-03-06
Daniel Hunter,,daniel.hunter@polars.io,74270,7,2018-05-19
James Williams,HR,james.williams@polars.io,63517,10,2014-09-24
David Cohen,,david.cohen@polars.io,59667,7,2018-04-10
Ann Wagner,,ann.wagner@polars.io,62852,10,2015-01-05
Mr. Robert Castillo,,mr..castillo@polars.io,74553,6,2019-06-21
Sylvia Johnson,Finance,sylvia.johnson@polars.io,139762,2,2023-04-06
Mary Long,Engineering,mary.long@polars.io,173633,9,2015-11-27
Stacy Ward,Operations,stacy.ward@polars.io,100734,2,2023-06-06
Susan Peterson,HR,susan.peterson@polars.io,81799,10,2015-04-20
Amanda Rodriguez,Engineering,amanda.rodriguez@polars.io,127603,0,2024-11-27
Laura Rosales,Engineering,laura.rosales@polars.io,147444,2,2022-09-25
Edwin Cochran,Finance,edwin.cochran@polars.io,140766,7,2018-06-03
Christina Ware,Operations,christina.ware@polars.io,120270,6,2018-08-28
Latoya Smith,HR,latoya.smith@polars.io,86436,6,2018-11-16
Michelle Goodwin,HR,michelle.goodwin@polars.io,60305,0,2024-10-16
Eric Moore,Operations,eric.moore@polars.io,127884,5,2020-07-10
Briana Hart,Engineering,briana.hart@polars.io,189603,3,2022-07-08
Jessica Cox,Marketing,jessica.cox@polars.io,80270,10,2015-03-14
David Yates,Operations,david.yates@polars.io,125450,5,2020-02-09
Brittany Chang,Operations,brittany.chang@polars.io,86731,6,2018-11-03
Michael Hill,,michael.hill@polars.io,75061,2,2023-06-14
David Gill,Finance,david.gill@polars.io,125992,4,2021-02-19
Carlos Sawyer,,carlos.sawyer@polars.io,94097,9,2015-10-24
Pamela Butler,Engineering,pamela.butler@polars.io,176841,10,2015-05-12
Timothy Williams,Engineering,timothy.williams@polars.io,184248,5,2020-04-12
John Walker,Operations,john.walker@polars.io,139434,6,2019-07-09
Barry Hoffman,Operations,barry.hoffman@polars.io,94701,2,2023-03-31
Daniel Townsend,Marketing,daniel.townsend@polars.io,81436,9,2015-11-03
Alexander Brown,Operations,alexander.brown@polars.io,88071,5,2019-07-19
Alexis Yates,Marketing,alexis.yates@polars.io,131912,0,2025-01-05
Manuel Steele,Marketing,manuel.steele@polars.io,96763,8,2016-09-02
Ashley Black,Sales,ashley.black@polars.io,58143,10,2015-05-25
Jane Lee,Marketing,jane.lee@polars.io,134795,0,2025-06-22
Shelby Gentry,Marketing,shelby.gentry@polars.io,87588,6,2018-12-03
James Barrett,HR,james.barrett@polars.io,68099,8,2017-03-11
Makayla Wallace,HR,makayla.wallace@polars.io,70035,3,2021-07-27
Richard Gibson,Marketing,richard.gibson@polars.io,121308,0,2025-02-12
Kristie Bailey,HR,kristie.bailey@polars.io,66617,10,2014-10-26
Shawn Gray,Engineering,shawn.gray@polars.io,199381,2,2022-12-15
Stacey Ramos,Finance,stacey.ramos@polars.io,133751,8,2016-09-05
Ashley Parsons,Sales,ashley.parsons@polars.io,73527,1,2024-05-23
Keith Turner,HR,keith.turner@polars.io,73018,9,2016-04-07
Stephanie Olson,Finance,stephanie.olson@polars.io,154471,8,2017-04-06
Todd Bates,Engineering,todd.bates@polars.io,173707,4,2021-04-26
Rachel Hogan,Sales,rachel.hogan@polars.io,87529,3,2021-07-30
Marcus Duran,HR,marcus.duran@polars.io,81666,3,2022-07-16
Alisha Lewis,Sales,alisha.lewis@polars.io,60832,1,2023-09-27
Adrian Sanchez,Marketing,adrian.sanchez@polars.io,112381,2,2023-06-01
Christopher Lopez,Finance,christopher.lopez@polars.io,187070,1,2024-05-26
Ryan Stewart,Engineering,ryan.stewart@polars.io,150298,7,2018-02-17
Daniel Lee,Engineering,daniel.lee@polars.io,180853,0,2025-05-26
Bradley Brown,Finance,bradley.brown@polars.io,142898,0,2025-02-18
Heather Huber,Engineering,heather.huber@polars.io,160987,6,2019-05-20
Phillip Roberts MD,Sales,phillip.md@polars.io,58007,0,2025-05-07
Michael Smith,Marketing,michael.smith@polars.io,122414,2,2023-01-30
Melanie Wiley,Engineering,melanie.wiley@polars.io,177372,9,2016-03-03
Daniel Smith,Marketing,daniel.smith@polars.io,86091,5,2020-01-24
Gary Johnson,Operations,gary.johnson@polars.io,87460,6,2018-12-26
Sara Erickson,HR,sara.erickson@polars.io,77814,6,2018-07-30
Amber Rodriguez,Finance,amber.rodriguez@polars.io,182684,6,2018-08-20
Joshua Jones,Finance,joshua.jones@polars.io,141860,1,2024-05-10
Elizabeth Rivera,Marketing,elizabeth.rivera@polars.io,127606,0,2025-04-26
Thomas Gonzalez,Sales,thomas.gonzalez@polars.io,82264,9,2015-11-14
Stephen Rhodes,Finance,stephen.rhodes@polars.io,194572,10,2014-12-07
Susan Carroll,Operations,susan.carroll@polars.io,120063,6,2019-01-16
Robert Green,,robert.green@polars.io,56888,10,2015-05-14
Kelsey Ferrell,HR,kelsey.ferrell@polars.io,91989,1,2023-12-19
Christina Dawson,HR,christina.dawson@polars.io,63012,1,2024-03-05
Bethany Adams,Marketing,bethany.adams@polars.io,100593,0,2024-07-21
Kristy Ho,Finance,kristy.ho@polars.io,188788,9,2015-10-03
Aaron Scott,Operations,aaron.scott@polars.io,123898,5,2019-10-26
Samantha Johnson,,samantha.johnson@polars.io,61241,6,2018-08-14
Nathan Blanchard,Marketing,nathan.blanchard@polars.io,96290,7,2018-01-22
Brooke Gillespie,Marketing,brooke.gillespie@polars.io,124321,10,2015-01-03
Taylor Brown,Operations,taylor.brown@polars.io,134986,8,2016-09-08
Stacey Tapia,Sales,stacey.tapia@polars.io,55763,10,2015-04-30
Kayla Lawson,,kayla.lawson@polars.io,85755,7,2018-04-25
Adam Harris,Sales,adam.harris@polars.io,87220,5,2020-03-16
James Smith,Engineering,james.smith@polars.io,156458,0,2024-10-30
Anthony Perez,Operations,anthony.perez@polars.io,116077,10,2015-01-07
Alexandra Williams,HR,alexandra.williams@polars.io,75400,1,2023-11-24
Sean Henderson,HR,sean.henderson@polars.io,97554,7,2018-06-03
Steven Lopez,Finance,steven.lopez@polars.io,185333,7,2018-02-07
Blake Nelson,Sales,blake.nelson@polars.io,87595,10,2015-07-10
Tonya Bartlett,Sales,tonya.bartlett@polars.io,81439,6,2019-06-30
Brittany Garrison,,brittany.garrison@polars.io,55011,1,2023-09-11
James Phillips,,james.phillips@polars.io,74962,8,2016-10-04
Joshua Murray,Operations,joshua.murray@polars.io,122899,10,2014-11-28
Jose Johnson,Engineering,jose.johnson@polars.io,167624,0,2025-03-24
Sean Faulkner,Finance,sean.faulkner@polars.io,179566,5,2019-10-05
Katherine Chang,Finance,katherine.chang@polars.io,198636,7,2017-08-16
Andrew Schaefer,Engineering,andrew.schaefer@polars.io,179314,1,2024-05-28
Caitlin Smith,Finance,caitlin.smith@polars.io,149064,0,2025-01-23
Jessica Miller,Engineering,jessica.miller@polars.io,158270,8,2016-10-24
John Brown,Engineering,john.brown@polars.io,133935,0,2025-04-23
Ashley Woods,HR,ashley.woods@polars.io,69204,6,2019-05-25
Gary Nichols,Engineering,gary.nichols@polars.io,145679,3,2022-05-17
Danielle Hunt,Finance,danielle.hunt@polars.io,171497,3,2021-11-25
Jorge Murray,Finance,jorge.murray@polars.io,144979,5,2020-05-23
Shaun Krueger,Finance,shaun.krueger@polars.io,174325,0,2024-08-26
Sandra Brooks,Finance,sandra.brooks@polars.io,197176,1,2023-11-29
Dustin Doyle,HR,dustin.doyle@polars.io,98621,8,2017-05-11
Robert Rios,HR,robert.rios@polars.io,60284,8,2017-06-24
Donna Anderson,,donna.anderson@polars.io,83364,9,2015-11-14
Eric Ward,,eric.ward@polars.io,66613,9,2016-04-21
Angela Garrison,Marketing,angela.garrison@polars.io,133427,2,2023-05-25
Angela Kline,HR,angela.kline@polars.io,99357,9,2016-02-05
Stacy Fischer,,stacy.fischer@polars.io,80209,6,2018-09-10
Emily Fuentes,Marketing,emily.fuentes@polars.io,129962,3,2022-02-27
Frances Oconnor,,frances.oconnor@polars.io,82469,4,2020-11-28
Katherine Sanders,Finance,katherine.sanders@polars.io,137481,2,2022-12-18
Faith Zamora,,faith.zamora@polars.io,88573,4,2020-07-23
Eric Lowery,,eric.lowery@polars.io,75572,8,2016-08-29
Craig Wiley,Operations,craig.wiley@polars.io,93165,3,2021-09-01
Tracy Bennett,Marketing,tracy.bennett@polars.io,99043,10,2015-01-24
Tamara Ward,Marketing,tamara.ward@polars.io,88694,10,2015-04-19
Louis Hughes,,louis.hughes@polars.io,76127,1,2024-01-18
Juan Morrow,,juan.morrow@polars.io,86481,9,2015-09-30
Thomas Roberts,Marketing,thomas.roberts@polars.io,126538,6,2018-08-07
Trevor Kennedy,Marketing,trevor.kennedy@polars.io,138580,8,2017-02-22
Dr. Selena Allen,Finance,dr..allen@polars.io,175363,0,2024-10-22
Monica Peters,Sales,monica.peters@polars.io,56656,6,2019-05-05
Dr. April Smith,Sales,dr..smith@polars.io,58709,3,2022-03-03
Denise Moore,Finance,denise.moore@polars.io,141094,4,2020-08-02
Laurie Jimenez,Engineering,laurie.jimenez@polars.io,139192,0,2024-07-28
Mrs. Patricia Scott PhD,Finance,mrs..phd@polars.io,158684,3,2021-10-13
Daniel Scott,Sales,daniel.scott@polars.io,78506,7,2018-05-27
Melissa Collins,,melissa.collins@polars.io,69700,10,2014-10-05
Brian Mills,HR,brian.mills@polars.io,75571,8,2016-07-27
Michael Davis,Engineering,michael.davis@polars.io,126157,6,2019-01-01
Joyce Kent,HR,joyce.kent@polars.io,80490,8,2017-06-21
Randall Powell,Sales,randall.powell@polars.io,71471,3,2021-09-03
Michael Phillips,Finance,michael.phillips@polars.io,178073,3,2021-08-27
Theresa Case,Marketing,theresa.case@polars.io,126500,10,2015-01-12
Alexandra Dunn,Finance,alexandra.dunn@polars.io,197120,8,2016-09-13
Justin Smith,Operations,justin.smith@polars.io,130865,3,2022-02-17
Kevin Nielsen,HR,kevin.nielsen@polars.io,71627,10,2015-06-11
Courtney Hampton,Operations,courtney.hampton@polars.io,91389,8,2017-05-18
Jennifer Alexander,HR,jennifer.alexander@polars.io,62663,6,2019-02-26
Stephanie Williams,,stephanie.williams@polars.io,72317,2,2023-04-26
Stacey Jones DVM,,stacey.dvm@polars.io,71712,0,2025-01-28
Rebecca Vasquez,HR,rebecca.vasquez@polars.io,70145,0,2025-04-29
Mrs. Shelby Heath,Engineering,mrs..heath@polars.io,198234,0,2024-08-30
Marie Rangel,,marie.rangel@polars.io,74736,7,2017-09-28
Stephanie Contreras,,stephanie.contreras@polars.io,78467,1,2023-07-20
Sierra Padilla,Engineering,sierra.padilla@polars.io,188864,3,2022-04-14
Kathryn Garcia,,kathryn.garcia@polars.io,59468,8,2017-04-28
Andrew Scott,HR,andrew.scott@polars.io,95591,8,2016-12-24
Lorraine Martinez,Sales,lorraine.martinez@polars.io,77898,3,2022-03-30
Kristopher Welch,Marketing,kristopher.welch@polars.io,101750,5,2020-01-15
Joseph Harvey,Engineering,joseph.harvey@polars.io,148632,9,2015-10-21
Angela Thomas,HR,angela.thomas@polars.io,96787,10,2015-07-15
Katherine Bentley,Sales,katherine.bentley@polars.io,77675,7,2018-03-17
Michael Ward,Marketing,michael.ward@polars.io,120219,9,2016-03-16
Erin Mercer,Sales,erin.mercer@polars.io,76032,6,2019-05-21
Maurice Brown,HR,maurice.brown@polars.io,76815,8,2017-02-24
Mark Martinez,Sales,mark.martinez@polars.io,88873,5,2019-10-28
Nicole Francis,Finance,nicole.francis@polars.io,186680,7,2017-11-11
Katherine Roberts,Sales,katherine.roberts@polars.io,74427,10,2015-04-12
Jon Smith,Engineering,jon.smith@polars.io,187357,1,2024-05-28
Richard George,Operations,richard.george@polars.io,130680,8,2016-10-18
Zachary Davis,Sales,zachary.davis@polars.io,59290,3,2021-08-08
David Jones,Marketing,david.jones@polars.io,130697,3,2021-08-01
Isaac Hansen,HR,isaac.hansen@polars.io,66810,3,2021-10-15
Sean Johnson,Finance,sean.johnson@polars.io,177047,10,2015-06-13
Albert Combs,Marketing,albert.combs@polars.io,124960,2,2023-07-05
Courtney Thompson,HR,courtney.thompson@polars.io,81739,0,2025-06-02
Julie Porter,Sales,julie.porter@polars.io,58556,2,2023-03-11
Anthony Reyes,,anthony.reyes@polars.io,59616,9,2016-03-24
Beverly Johnson,Engineering,beverly.johnson@polars.io,173429,6,2018-11-30
Daniel Daniel,Marketing,daniel.daniel@polars.io,106505,6,2019-02-07
Ernest Williams,Sales,ernest.williams@polars.io,80526,10,2015-05-20
George Thomas,,george.thomas@polars.io,55386,10,2014-09-06
Craig Young,Sales,craig.young@polars.io,57982,1,2024-01-15
Ryan Lyons,,ryan.lyons@polars.io,61955,4,2020-07-31
Jack Tanner,Engineering,jack.tanner@polars.io,199503,1,2024-02-23
Kayla Mendez,Finance,kayla.mendez@polars.io,177367,6,2018-12-28
Mr. Alexander Forbes DVM,Finance,mr..dvm@polars.io,124039,7,2018-04-29
Alyssa Harper DDS,,alyssa.dds@polars.io,69409,2,2022-12-29
Amy Rice,Finance,amy.rice@polars.io,191529,4,2020-08-27
Ronald Brooks,Operations,ronald.brooks@polars.io,99533,10,2014-08-22
Gina Williams,Engineering,gina.williams@polars.io,121461,8,2016-10-07
Andrew Lowery,Operations,andrew.lowery@polars.io,88076,0,2025-07-14
Sherry Wilson,,sherry.wilson@polars.io,80826,8,2016-10-11
Brandi Byrd,Sales,brandi.byrd@polars.io,74968,3,2022-01-22
Teresa Montoya,Operations,teresa.montoya@polars.io,107043,10,2014-10-30
Rebecca Reilly,Operations,rebecca.reilly@polars.io,90548,2,2023-03-26
Brandon Robbins,,brandon.robbins@polars.io,71563,3,2022-05-20
Morgan Zimmerman,Operations,morgan.zimmerman@polars.io,123973,9,2016-06-21
David Macias,Finance,david.macias@polars.io,191939,7,2017-08-22
Jeremy Glover,,jeremy.glover@polars.io,59793,4,2020-08-08
Craig Ramirez,Sales,craig.ramirez@polars.io,71429,1,2024-04-06
Kristin Taylor,Marketing,kristin.taylor@polars.io,118049,7,2018-01-30
Joe Cruz,Engineering,joe.cruz@polars.io,136805,10,2014-08-18
Antonio Hernandez,Operations,antonio.hernandez@polars.io,86556,4,2020-09-03
Kathryn Hickman,Sales,kathryn.hickman@polars.io,67681,5,2019-11-12
Randall Cox,HR,randall.cox@polars.io,81518,9,2015-08-16
Andrew Jones,Engineering,andrew.jones@polars.io,196568,2,2022-10-01
Jennifer Strong,,jennifer.strong@polars.io,78887,5,2019-12-11
Francisco Krueger,Operations,francisco.krueger@polars.io,80316,5,2020-03-13
Scott Mccarthy,Finance,scott.mccarthy@polars.io,149035,10,2014-12-08
Danny Butler,Engineering,danny.butler@polars.io,167118,2,2022-08-04
Melanie Ballard,Marketing,melanie.ballard@polars.io,101729,7,2017-11-24
Steven Lawrence,HR,steven.lawrence@polars.io,83510,4,2020-11-10
Isabella Smith,,isabella.smith@polars.io,62132,2,2022-08-21
Robert Brown,,robert.brown@polars.io,60372,4,2021-05-07
Sarah Barnett,,sarah.barnett@polars.io,67873,4,2020-08-31
Robert Jennings,Sales,robert.jennings@polars.io,59941,0,2024-10-30
Colin Weaver,Marketing,colin.weaver@polars.io,82044,9,2015-09-26
Amy James,HR,amy.james@polars.io,98668,3,2022-06-29
Sarah Thompson,,sarah.thompson@polars.io,72079,8,2016-10-15
Adam Sanchez,HR,adam.sanchez@polars.io,69740,5,2019-12-30
Kathleen Johnson,Operations,kathleen.johnson@polars.io,138421,9,2016-02-21
James Blake,Operations,james.blake@polars.io,110454,8,2016-10-30
Tina Rodriguez,Sales,tina.rodriguez@polars.io,81003,5,2019-11-03
Timothy Mcdaniel,Sales,timothy.mcdaniel@polars.io,70655,9,2015-08-03
April Copeland,Operations,april.copeland@polars.io,129624,8,2017-05-08
Carol Schultz,HR,carol.schultz@polars.io,70434,2,2022-10-01
Kyle Mccall MD,,kyle.md@polars.io,64581,7,2018-01-16
Dylan Mitchell,Sales,dylan.mitchell@polars.io,69340,7,2018-03-22
Jeffrey Petty,Sales,jeffrey.petty@polars.io,72324,5,2020-03-20
Dr. Cheryl Hernandez MD,Sales,dr..md@polars.io,68551,8,2017-01-15
Brenda Wright,HR,brenda.wright@polars.io,90780,7,2018-06-25
Wesley Haynes,Sales,wesley.haynes@polars.io,76238,1,2023-07-22
Donna Brown,,donna.brown@polars.io,72923,4,2020-09-24
John Terrell,,john.terrell@polars.io,66393,6,2018-08-18
Zachary Smith MD,HR,zachary.md@polars.io,83940,9,2015-08-19
Patrick Ramirez,Finance,patrick.ramirez@polars.io,130202,8,2017-03-12
Vanessa Roman,HR,vanessa.roman@polars.io,74607,8,2016-12-23
Samantha Rodriguez,Engineering,samantha.rodriguez@polars.io,165224,7,2017-11-14
Troy Allen,,troy.allen@polars.io,55432,8,2017-05-08
Michelle Johnson,HR,michelle.johnson@polars.io,70853,3,2022-06-08
Daniel Torres,,daniel.torres@polars.io,73403,3,2022-05-02
Linda Howard,Operations,linda.howard@polars.io,90312,5,2019-09-13
Lisa Miller,Marketing,lisa.miller@polars.io,133539,1,2023-08-13
Vanessa Sandoval,Operations,vanessa.sandoval@polars.io,107172,5,2020-05-20
Joan Craig,HR,joan.craig@polars.io,91379,7,2018-04-02
Teresa Black,,teresa.black@polars.io,65567,10,2014-12-21
Barry Martinez,Sales,barry.martinez@polars.io,70969,0,2025-05-12
Brian Smith,,brian.smith@polars.io,65559,2,2022-08-29
Robert Brown,,robert.brown@polars.io,57568,9,2016-05-04
Dylan Taylor,Sales,dylan.taylor@polars.io,65901,4,2021-04-16
Charles Davis,,charles.davis@polars.io,81571,9,2015-10-04
Ellen Martin DVM,Marketing,ellen.dvm@polars.io,81220,10,2015-02-24
Patricia Humphrey,Sales,patricia.humphrey@polars.io,69194,7,2017-09-11
Amanda Johnson,HR,amanda.johnson@polars.io,91566,2,2023-03-27
Dennis Matthews,Finance,dennis.matthews@polars.io,173840,9,2016-05-06
Alison Mathis,Finance,alison.mathis@polars.io,196368,2,2022-09-01
Elizabeth Martinez,Marketing,elizabeth.martinez@polars.io,113476,4,2021-04-23
Dennis Perry,Marketing,dennis.perry@polars.io,124930,5,2019-11-28
Christine Huffman,,christine.huffman@polars.io,59511,3,2022-01-05
Lindsey Johnson,HR,lindsey.johnson@polars.io,68664,1,2024-07-08
Daniel Barnes,Operations,daniel.barnes@polars.io,114256,8,2016-08-02
Heather Wright,HR,heather.wright@polars.io,69801,9,2016-05-30
Anthony Irwin,Operations,anthony.irwin@polars.io,111186,9,2015-09-15
Christopher Mullins,Sales,christopher.mullins@polars.io,89827,8,2017-05-19
Allen Jackson,Sales,allen.jackson@polars.io,86604,10,2015-05-14
Aaron Morgan,,aaron.morgan@polars.io,55078,10,2014-08-21
Charles Tucker,HR,charles.tucker@polars.io,94212,6,2019-01-10
Mr. Steven Castro,Finance,mr..castro@polars.io,125693,8,2016-12-11
Amy Rasmussen,Operations,amy.rasmussen@polars.io,132579,7,2018-01-04
Stephanie Orr MD,Engineering,stephanie.md@polars.io,197207,9,2016-05-29
Stephanie Branch,HR,stephanie.branch@polars.io,68774,4,2020-11-15
Lisa Wolfe,Finance,lisa.wolfe@polars.io,150475,1,2024-02-22
Rebecca Simmons,,rebecca.simmons@polars.io,81781,4,2021-04-12
Susan Mcclain,Sales,susan.mcclain@polars.io,55466,9,2015-10-25
Daniel Scott,Sales,daniel.scott@polars.io,89063,0,2025-01-05
Thomas Webb,Marketing,thomas.webb@polars.io,93462,5,2019-12-21
Robert Ball,Engineering,robert.ball@polars.io,133970,2,2022-12-11
Mr. Edwin Hill Jr.,Marketing,mr..jr.@polars.io,118362,4,2021-03-06
Rebecca Miller,Finance,rebecca.miller@polars.io,190268,6,2018-10-02
James Cooper,Engineering,james.cooper@polars.io,156118,10,2014-12-28
Brandon Allen,Finance,brandon.allen@polars.io,146698,6,2018-10-09
Nicole Kaiser,Finance,nicole.kaiser@polars.io,193080,7,2018-04-18
Joseph Cox,Engineering,joseph.cox@polars.io,193281,8,2016-11-13
Kenneth Walters,Engineering,kenneth.walters@polars.io,160193,9,2016-01-24
Alexis Brown,Finance,alexis.brown@polars.io,172183,2,2022-08-14
Derek Smith,Sales,derek.smith@polars.io,70058,7,2017-07-25
Timothy Roberts,Operations,timothy.roberts@polars.io,86571,3,2021-10-30
Steven Burnett,HR,steven.burnett@polars.io,82179,8,2016-09-07
Megan Bird,Marketing,megan.bird@polars.io,124863,0,2025-04-25
Julie Hernandez,HR,julie.hernandez@polars.io,60346,1,2024-05-03
William Peterson,HR,william.peterson@polars.io,99337,6,2019-06-03
Mr. David Hill,Sales,mr..hill@polars.io,72241,3,2022-01-09
Robert Ward,Sales,robert.ward@polars.io,57474,6,2018-12-25
Gina Castillo,,gina.castillo@polars.io,89144,4,2020-07-18
Lisa Gonzalez,,lisa.gonzalez@polars.io,58765,2,2022-08-24
Mary Walton,HR,mary.walton@polars.io,88768,0,2025-04-04
Alan Murphy,Finance,alan.murphy@polars.io,187915,4,2021-04-09
William Butler,Sales,william.butler@polars.io,88459,8,2016-07-26
Luis Jackson,Operations,luis.jackson@polars.io,120317,2,2022-08-06
Jennifer Jones,Sales,jennifer.jones@polars.io,78575,3,2021-08-16
Benjamin Lee,Sales,benjamin.lee@polars.io,65318,1,2024-02-26
Tiffany Davis,Finance,tiffany.davis@polars.io,172354,5,2019-08-10
Thomas Edwards,HR,thomas.edwards@polars.io,86571,9,2016-04-07
Carol James,,carol.james@polars.io,56007,1,2024-05-31
Christopher Blevins,,christopher.blevins@polars.io,73644,8,2016-09-23
Paul Reynolds,Engineering,paul.reynolds@polars.io,165544,4,2021-03-24
John Brown,,john.brown@polars.io,67748,7,2017-12-24
Brenda Lopez,,brenda.lopez@polars.io,55304,4,2021-04-19
Linda Cox,HR,linda.cox@polars.io,93176,1,2023-10-04
Mary Johnson,Sales,mary.johnson@polars.io,87975,4,2021-01-24
Brent Williams,Sales,brent.williams@polars.io,88638,4,2020-10-15
Sylvia Fields,Finance,sylvia.fields@polars.io,195352,4,2020-07-27
Jennifer Henderson,HR,jennifer.henderson@polars.io,84712,9,2015-11-14
Wesley Kennedy,Finance,wesley.kennedy@polars.io,151886,5,2019-11-26
Christopher Melton,Marketing,christopher.melton@polars.io,110193,9,2016-07-04
Robert Welch,HR,robert.welch@polars.io,67619,4,2021-06-13
Jeremy Harris,HR,jeremy.harris@polars.io,74442,10,2014-07-25
Craig Jones,Operations,craig.jones@polars.io,132439,5,2019-12-19
Jamie Hancock,Engineering,jamie.hancock@polars.io,187699,8,2017-07-14
Alexa Rodriguez,Marketing,alexa.rodriguez@polars.io,134537,4,2021-03-12
Carrie Spencer,Engineering,carrie.spencer@polars.io,132190,6,2018-08-08
Martin Walker,Marketing,martin.walker@polars.io,133809,5,2020-06-09
Matthew Burke,,matthew.burke@polars.io,66697,7,2018-02-08
Mark Montgomery,Engineering,mark.montgomery@polars.io,148647,9,2016-03-03
Haley Carter,Operations,haley.carter@polars.io,128900,10,2015-04-13
Erin Meyers,HR,erin.meyers@polars.io,73085,3,2022-03-16
Aaron Castro,Finance,aaron.castro@polars.io,154787,3,2022-03-22
Willie Lowe,Operations,willie.lowe@polars.io,134718,3,2021-09-04
Stephanie Barajas,Engineering,stephanie.barajas@polars.io,140446,1,2024-05-16
Elizabeth Barnes,Sales,elizabeth.barnes@polars.io,87287,9,2016-07-15
Gloria Finley,Finance,gloria.finley@polars.io,190972,0,2024-11-12
Danielle Delgado,Engineering,danielle.delgado@polars.io,161342,7,2017-09-27
Mitchell Flores,Finance,mitchell.flores@polars.io,156009,7,2018-04-16
Natalie Hampton,Finance,natalie.hampton@polars.io,186995,4,2020-12-26
Edward Evans,Operations,edward.evans@polars.io,129163,9,2016-05-14
Gregory Williams,Sales,gregory.williams@polars.io,89454,6,2018-11-16
Sarah Williams,,sarah.williams@polars.io,57134,8,2017-01-22
Paige Webster,HR,paige.webster@polars.io,71455,7,2018-05-18
Keith Fisher DDS,Marketing,keith.dds@polars.io,113961,7,2018-02-07
Margaret Jordan,Marketing,margaret.jordan@polars.io,80551,0,2024-08-05
Hannah Elliott,Operations,hannah.elliott@polars.io,104866,9,2016-05-28
Darrell Price,Engineering,darrell.price@polars.io,167395,9,2016-03-08
Bethany Wang,Operations,bethany.wang@polars.io,115950,4,2021-03-18
Matthew Ortega,Engineering,matthew.ortega@polars.io,181780,9,2016-01-25
Todd Torres,Engineering,todd.torres@polars.io,144105,7,2017-12-13
Nancy Martinez,Operations,nancy.martinez@polars.io,107465,5,2020-01-13
Caitlin Cummings,Finance,caitlin.cummings@polars.io,172506,4,2020-11-29
Gregory Romero,Operations,gregory.romero@polars.io,117447,2,2022-09-26
Gerald Waters,Marketing,gerald.waters@polars.io,94979,1,2024-02-29
Jason Thornton,Finance,jason.thornton@polars.io,150907,8,2016-12-09
Jonathan Benitez,Finance,jonathan.benitez@polars.io,169923,3,2022-05-04
Molly Smith,Finance,molly.smith@polars.io,139601,7,2018-07-14
Kelli Torres,Operations,kelli.torres@polars.io,107624,7,2018-05-11
David Berry,Finance,david.berry@polars.io,187765,8,2017-02-07
Lindsay Heath,Finance,lindsay.heath@polars.io,183782,4,2021-03-11
Ryan Mills,,ryan.mills@polars.io,58126,6,2019-05-29
Nicole Allen,Marketing,nicole.allen@polars.io,90704,0,2025-03-28
Shelly Brown,Finance,shelly.brown@polars.io,153330,7,2017-08-30
Paul Marshall,Sales,paul.marshall@polars.io,84481,5,2020-03-06
Rose Diaz,Engineering,rose.diaz@polars.io,167226,8,2016-10-06
Erica Brown,Finance,erica.brown@polars.io,153779,5,2020-07-07
Todd Little,HR,todd.little@polars.io,67945,5,2019-08-05
Yolanda Chen,,yolanda.chen@polars.io,68038,9,2015-09-28
Pamela Wyatt,Marketing,pamela.wyatt@polars.io,122541,8,2017-04-20
Summer Moore,Finance,summer.moore@polars.io,157304,5,2020-02-02
Tyler Clark,Marketing,tyler.clark@polars.io,113452,7,2017-12-02
John Garner,Sales,john.garner@polars.io,79973,9,2016-02-23
Yvonne King,HR,yvonne.king@polars.io,69492,2,2022-08-24
Timothy Bean,Finance,timothy.bean@polars.io,164222,6,2018-08-29
Ronald Weber,,ronald.weber@polars.io,81527,1,2024-06-06
Shaun Pruitt,Operations,shaun.pruitt@polars.io,102519,3,2022-02-07
Gina Conrad,Engineering,gina.conrad@polars.io,158188,4,2020-09-11
Ryan Salas,Marketing,ryan.salas@polars.io,105916,4,2020-12-02
Robert Kramer,Finance,robert.kramer@polars.io,167600,9,2015-10-26
Dustin Jenkins,HR,dustin.jenkins@polars.io,87131,2,2023-04-14
Melissa Ruiz,Finance,melissa.ruiz@polars.io,123027,2,2023-03-19
Colleen Gray,Marketing,colleen.gray@polars.io,96491,1,2024-03-31
James Schroeder,Operations,james.schroeder@polars.io,106020,1,2024-05-29
Sherry Robertson,Sales,sherry.robertson@polars.io,86010,8,2017-06-21
Martha Chase,Sales,martha.chase@polars.io,81018,8,2017-06-06
Jennifer Mckee,Sales,jennifer.mckee@polars.io,72200,9,2016-04-30
Phillip Wilson,Sales,phillip.wilson@polars.io,80548,4,2021-03-22
Marcus Abbott,Operations,marcus.abbott@polars.io,128338,4,2020-12-03
Steven Harris,Marketing,steven.harris@polars.io,88284,2,2022-10-21
Reginald Wallace,Finance,reginald.wallace@polars.io,142361,0,2025-06-29
Robert Russell,Marketing,robert.russell@polars.io,103385,5,2019-11-17
Danny Smith,HR,danny.smith@polars.io,95427,4,2020-10-10
Jeffrey Figueroa,HR,jeffrey.figueroa@polars.io,68854,8,2017-04-19
Carol Stephenson,,carol.stephenson@polars.io,84920,10,2014-08-28
Jessica Smith,,jessica.smith@polars.io,83506,8,2016-08-25
Frederick Fitzgerald,Marketing,frederick.fitzgerald@polars.io,114982,4,2021-01-21
Peter Gaines,HR,peter.gaines@polars.io,95367,3,2022-06-02
Cameron Lee,HR,cameron.lee@polars.io,80176,5,2019-12-19
Kelly Matthews,Engineering,kelly.matthews@polars.io,140410,4,2021-07-12
Regina Reynolds,Sales,regina.reynolds@polars.io,89296,2,2023-01-22
Stephanie Robertson,Engineering,stephanie.robertson@polars.io,181498,8,2017-07-14
Veronica Mckinney,Marketing,veronica.mckinney@polars.io,112239,7,2018-02-15
Ricardo Thomas,Sales,ricardo.thomas@polars.io,83209,4,2020-09-15
Jacob Schmitt,Operations,jacob.schmitt@polars.io,132216,0,2024-10-09
Stephen Mack,Engineering,stephen.mack@polars.io,144716,6,2018-10-04
Patrick Watts,HR,patrick.watts@polars.io,85870,3,2022-04-25
Craig Wood,Marketing,craig.wood@polars.io,128307,10,2015-01-01
Tonya Hebert,Finance,tonya.hebert@polars.io,169592,3,2022-03-05
Amanda Robinson,Sales,amanda.robinson@polars.io,82671,10,2015-03-19
Rebecca Day,,rebecca.day@polars.io,72816,4,2020-08-19
Zachary Barrett,Marketing,zachary.barrett@polars.io,114861,4,2020-12-18
John Gilmore,Operations,john.gilmore@polars.io,135933,1,2024-04-14
Pamela Black,Operations,pamela.black@polars.io,98978,1,2023-08-25
John Henderson,HR,john.henderson@polars.io,89672,4,2020-07-24
Krista Newman,,krista.newman@polars.io,87243,3,2022-02-03
Aimee Reeves,Sales,aimee.reeves@polars.io,64971,0,2024-10-16
Matthew Hancock,Sales,matthew.hancock@polars.io,67185,1,2024-02-23
Thomas Jones,Engineering,thomas.jones@polars.io,136389,7,2018-07-14
Crystal Price,Operations,crystal.price@polars.io,85911,2,2023-07-10
Ryan Adams,HR,ryan.adams@polars.io,74233,5,2019-12-15
Mrs. Jennifer Price DDS,Engineering,mrs..dds@polars.io,185325,5,2019-11-23
Linda Carpenter,Marketing,linda.carpenter@polars.io,131866,0,2025-01-28
Betty Hicks,Sales,betty.hicks@polars.io,64574,0,2025-03-02
Paul Kennedy,Finance,paul.kennedy@polars.io,171435,1,2023-10-12
Jonathan Brooks,HR,jonathan.brooks@polars.io,71901,3,2022-03-11
Patrick Fuentes,Finance,patrick.fuentes@polars.io,170014,0,2025-05-15
Ronald Floyd,Finance,ronald.floyd@polars.io,152631,6,2018-12-04
Sharon Schwartz,Operations,sharon.schwartz@polars.io,128340,0,2025-04-06
John Stout,HR,john.stout@polars.io,66157,8,2016-08-12
Shane Chavez,Operations,shane.chavez@polars.io,110987,6,2018-08-04
James Briggs,Engineering,james.briggs@polars.io,162344,2,2022-08-29
Destiny Frost,Marketing,destiny.frost@polars.io,82764,8,2016-10-25
Yolanda Moore,Sales,yolanda.moore@polars.io,71601,7,2017-08-26
Robin Hardy,Engineering,robin.hardy@polars.io,146047,5,2020-06-21
Melissa Hernandez,Finance,melissa.hernandez@polars.io,148545,1,2024-03-18
William Lambert,Marketing,william.lambert@polars.io,108453,5,2020-07-10
Austin Anderson,Operations,austin.anderson@polars.io,132061,4,2020-09-21
Kendra Schmidt,Sales,kendra.schmidt@polars.io,80939,3,2022-07-13
Zachary Bell,Sales,zachary.bell@polars.io,86147,9,2016-04-30
Christian Cooper,Engineering,christian.cooper@polars.io,131728,3,2022-04-28
Mark Costa,HR,mark.costa@polars.io,65990,10,2014-09-06
Gary Banks,Engineering,gary.banks@polars.io,127871,0,2025-01-15
Phillip Phillips,Marketing,phillip.phillips@polars.io,90087,8,2017-05-25
Kevin Landry,Operations,kevin.landry@polars.io,111971,3,2022-02-05
Brian White,,brian.white@polars.io,77761,7,2018-04-11
Mark Mcmahon,Sales,mark.mcmahon@polars.io,79757,5,2020-05-10
Diane Cooper,Engineering,diane.cooper@polars.io,125175,7,2017-07-22
Carrie Alvarez,HR,carrie.alvarez@polars.io,96636,4,2020-10-13
Ronald Clark,Marketing,ronald.clark@polars.io,112118,3,2021-09-30
Kaitlin Hernandez,Operations,kaitlin.hernandez@polars.io,115626,5,2020-02-03
George Hunter,Marketing,george.hunter@polars.io,110696,4,2020-09-14
Erin Sullivan,Finance,erin.sullivan@polars.io,192682,2,2023-06-12
Ashley Powell,,ashley.powell@polars.io,65159,7,2018-02-17
Jamie Simmons,Finance,jamie.simmons@polars.io,154517,8,2017-01-12
Tina Martinez,HR,tina.martinez@polars.io,60047,10,2014-11-02
Anna Myers,HR,anna.myers@polars.io,72159,0,2024-09-02
Alexandra English,Finance,alexandra.english@polars.io,167720,9,2016-03-18
Laura Lambert,Engineering,laura.lambert@polars.io,128302,10,2014-10-17
Daniel Jenkins,Finance,daniel.jenkins@polars.io,170789,3,2021-10-22
Ashley Clarke,Marketing,ashley.clarke@polars.io,112607,8,2017-05-01
Samuel Graham,,samuel.graham@polars.io,73555,5,2019-12-21
Thomas Wright,Marketing,thomas.wright@polars.io,101104,1,2024-05-28
Brian Pearson,,brian.pearson@polars.io,59369,0,2025-05-11
Dustin Beck,Operations,dustin.beck@polars.io,137245,0,2025-04-04
Mr. Tyler Davis,Sales,mr..davis@polars.io,86809,3,2022-05-28
Aaron King,Sales,aaron.king@polars.io,80467,10,2014-11-11
Jodi Patel,,jodi.patel@polars.io,71773,0,2025-01-10
Tyler Christian,Operations,tyler.christian@polars.io,119711,1,2024-07-10
Stephen Martinez,Operations,stephen.martinez@polars.io,122975,7,2018-06-08
Ernest Jordan,HR,ernest.jordan@polars.io,63978,5,2019-10-06
Anthony Grant,Marketing,anthony.grant@polars.io,138355,6,2019-01-11
Billy Stokes,Finance,billy.stokes@polars.io,127641,9,2016-03-04
Rachel Hurley,,rachel.hurley@polars.io,57664,1,2024-02-12
John Lucas,Sales,john.lucas@polars.io,69149,8,2017-05-30
Jeanette Jimenez,Sales,jeanette.jimenez@polars.io,70139,8,2017-01-02
Adam King,Operations,adam.king@polars.io,92656,8,2016-08-16
Ryan Sutton,Operations,ryan.sutton@polars.io,117357,10,2015-04-19
Melanie Conway,,melanie.conway@polars.io,82209,1,2023-08-25
Beth Perez,,beth.perez@polars.io,78459,10,2014-11-27
Marie Black,Marketing,marie.black@polars.io,123597,6,2019-05-26
James Torres,Operations,james.torres@polars.io,131934,2,2022-10-09
Brandy Lozano,HR,brandy.lozano@polars.io,93075,5,2019-08-16
Taylor Davis,Operations,taylor.davis@polars.io,114989,9,2015-12-05
Billy Owens,Engineering,billy.owens@polars.io,161307,8,2017-02-02
Rachel Morris,Finance,rachel.morris@polars.io,168722,6,2018-08-28
Kimberly Carroll,HR,kimberly.carroll@polars.io,81197,9,2016-03-17
Jillian Phillips,,jillian.phillips@polars.io,69019,6,2018-10-10
Lori Williams,Marketing,lori.williams@polars.io,96651,5,2019-11-29
Isaiah Smith,HR,isaiah.smith@polars.io,86023,0,2025-06-29
Erin Johnson,Engineering,erin.johnson@polars.io,198087,0,2024-10-24
Anthony Cox,Operations,anthony.cox@polars.io,138348,4,2021-07-14
Timothy Larson,Engineering,timothy.larson@polars.io,149083,3,2022-02-06
Mathew Woods,Sales,mathew.woods@polars.io,73085,8,2016-10-30
Jeffrey Benson,,jeffrey.benson@polars.io,65139,1,2024-06-27
Scott Flores,HR,scott.flores@polars.io,83308,2,2023-05-08
Dr. Nicole Terry,Engineering,dr..terry@polars.io,168114,9,2016-03-13
Michael Pena,Operations,michael.pena@polars.io,96793,4,2021-05-31
Laura Chambers,,laura.chambers@polars.io,81201,9,2016-03-29
Jeffrey Walker,Marketing,jeffrey.walker@polars.io,85059,5,2019-11-13
John Brown,Operations,john.brown@polars.io,111999,9,2016-05-31
Mark Velez,,mark.velez@polars.io,74686,0,2024-09-24
Lindsey Cruz MD,HR,lindsey.md@polars.io,65143,0,2025-01-26
Chad Mcguire,Engineering,chad.mcguire@polars.io,176925,6,2019-05-18
Bobby Jackson,Finance,bobby.jackson@polars.io,149716,10,2014-09-14
Alicia Jones,Sales,alicia.jones@polars.io,80066,0,2025-02-10
Jacob Ramos,,jacob.ramos@polars.io,57698,5,2019-10-15
Daniel Bass,,daniel.bass@polars.io,64802,5,2019-11-03
Ryan Watkins,Marketing,ryan.watkins@polars.io,94470,2,2023-06-22
Erin Rasmussen,Marketing,erin.rasmussen@polars.io,127944,6,2018-12-02
Sharon Sherman,Finance,sharon.sherman@polars.io,198005,9,2015-11-03
Jennifer Rojas,Sales,jennifer.rojas@polars.io,69554,6,2019-02-20
Darlene Williamson,Finance,darlene.williamson@polars.io,171684,2,2023-05-11
Marie Mcdonald,Engineering,marie.mcdonald@polars.io,130819,7,2017-09-29
John Williams,Marketing,john.williams@polars.io,83231,8,2016-12-26
Douglas Watts,Engineering,douglas.watts@polars.io,131151,6,2018-11-04
Sheri Jackson,HR,sheri.jackson@polars.io,68544,2,2022-11-13
Paul Cruz,,paul.cruz@polars.io,67983,7,2017-12-28
Jeffrey Owen,Marketing,jeffrey.owen@polars.io,117442,3,2021-10-03
Robin Copeland,,robin.copeland@polars.io,89357,3,2022-03-15
Joy Baker,Sales,joy.baker@polars.io,72449,6,2019-02-03
Daniel Weaver,Marketing,daniel.weaver@polars.io,117749,1,2024-05-20
Kristen Wells,Marketing,kristen.wells@polars.io,107104,6,2019-01-12
Lauren Rocha,Engineering,lauren.rocha@polars.io,144967,5,2020-01-23
Jason Williams,,jason.williams@polars.io,56586,4,2021-04-22
Elizabeth Stevenson,Engineering,elizabeth.stevenson@polars.io,177961,9,2016-05-05
Rita Clark,HR,rita.clark@polars.io,62941,3,2022-04-06
John Cain,Marketing,john.cain@polars.io,104498,2,2023-06-04
Lee Kaiser,Sales,lee.kaiser@polars.io,58574,3,2021-09-03
Caitlin Chapman,Operations,caitlin.chapman@polars.io,136934,4,2021-07-10
Suzanne Reed,Engineering,suzanne.reed@polars.io,134585,4,2020-11-29
Jenny Acosta,HR,jenny.acosta@polars.io,61490,5,2020-04-01
Trevor Garcia,Marketing,trevor.garcia@polars.io,115258,3,2022-04-04
Chad Rice,,chad.rice@polars.io,89292,4,2020-10-10
Richard Morales,HR,richard.morales@polars.io,69263,10,2015-07-10
Sandra Estrada,HR,sandra.estrada@polars.io,98207,10,2014-10-23
Karen Sims,Sales,karen.sims@polars.io,71741,2,2023-06-17
Tommy Walls,Engineering,tommy.walls@polars.io,146305,9,2016-03-02
Brian Brady,Sales,brian.brady@polars.io,85471,10,2015-07-15
Thomas Nunez,Sales,thomas.nunez@polars.io,80470,10,2015-03-03
Richard Moreno,Marketing,richard.moreno@polars.io,135842,10,2015-01-16
Anthony Osborn,Finance,anthony.osborn@polars.io,134141,0,2025-02-17
Danielle Gray,Finance,danielle.gray@polars.io,170662,3,2022-01-04
Michael Bell,,michael.bell@polars.io,61527,5,2019-11-12
Manuel Newton,Finance,manuel.newton@polars.io,198263,8,2017-06-03
Scott Wallace,Operations,scott.wallace@polars.io,93033,8,2016-11-26
Frances Hernandez,,frances.hernandez@polars.io,56408,0,2025-03-12
Suzanne Chavez DDS,,suzanne.dds@polars.io,74983,5,2019-11-10
Maria Andrews,HR,maria.andrews@polars.io,70289,0,2025-01-20
Aaron Martinez,Marketing,aaron.martinez@polars.io,103062,5,2019-09-01
Tammy Jimenez,Engineering,tammy.jimenez@polars.io,150959,8,2017-02-27
Ethan Gregory,Finance,ethan.gregory@polars.io,128127,10,2015-03-10
Zachary Woods,HR,zachary.woods@polars.io,61931,8,2017-02-25
Ryan Monroe,Operations,ryan.monroe@polars.io,89942,5,2019-12-29
Michele Fields,Marketing,michele.fields@polars.io,88995,1,2024-01-03
Michelle Jones,,michelle.jones@polars.io,69904,6,2019-03-17
Veronica Gutierrez,,veronica.gutierrez@polars.io,65010,6,2019-02-09
Patrick Medina MD,,patrick.md@polars.io,76580,7,2017-10-14
Erin Griffin,Operations,erin.griffin@polars.io,93550,10,2015-05-10
Jacqueline Hudson,,jacqueline.hudson@polars.io,68258,2,2023-02-09
Dennis Carrillo,Marketing,dennis.carrillo@polars.io,126211,8,2017-05-10
Jeffery Sharp,HR,jeffery.sharp@polars.io,69512,10,2014-10-03
Angela Brown,Operations,angela.brown@polars.io,100807,1,2023-10-05
Lisa Anderson,,lisa.anderson@polars.io,62758,2,2023-02-05
Richard Chambers,Finance,richard.chambers@polars.io,139073,0,2025-02-03
Laura Salinas,HR,laura.salinas@polars.io,86951,4,2020-12-03
Nicholas Boyd,Marketing,nicholas.boyd@polars.io,133850,10,2015-03-01
Dr. Jacqueline Smith,Operations,dr..smith@polars.io,131059,3,2022-05-24
Kevin Kennedy MD,Operations,kevin.md@polars.io,92107,0,2024-09-06
Paul Kirk,,paul.kirk@polars.io,72489,9,2015-10-02
Sonya Bennett,,sonya.bennett@polars.io,70133,9,2016-03-22
Mark Ward,Operations,mark.ward@polars.io,125047,0,2025-01-14
Joseph Davis,Sales,joseph.davis@polars.io,86234,2,2022-11-02
Shannon Klein,Finance,shannon.klein@polars.io,199260,7,2017-07-19
Justin Hawkins,Marketing,justin.hawkins@polars.io,104507,2,2022-12-31
Michele Melton,HR,michele.melton@polars.io,91054,2,2023-04-25
Timothy Smith,Operations,timothy.smith@polars.io,94829,0,2024-12-19
John Thomas,Finance,john.thomas@polars.io,121967,4,2020-12-18
Robert Meza,Operations,robert.meza@polars.io,128651,10,2015-04-07
Daniel Garcia,Finance,daniel.garcia@polars.io,146812,1,2024-04-17
Michael Higgins,HR,michael.higgins@polars.io,92108,5,2019-11-26
Andrew Costa,Operations,andrew.costa@polars.io,108020,6,2019-06-27
Nicholas Craig MD,,nicholas.md@polars.io,79928,5,2019-12-29
Terry Walls,,terry.walls@polars.io,89421,10,2014-07-24
Andrew Logan,Finance,andrew.logan@polars.io,125047,8,2017-05-24
Gabriela Odonnell,HR,gabriela.odonnell@polars.io,89943,0,2025-03-13
Kirsten Spencer,,kirsten.spencer@polars.io,80926,0,2024-10-04
Henry Jackson,HR,henry.jackson@polars.io,93824,10,2015-06-24
Felicia Smith,Operations,felicia.smith@polars.io,99082,7,2017-12-27
Jessica Wells,Engineering,jessica.wells@polars.io,157475,7,2018-04-24
Danielle Gibson,HR,danielle.gibson@polars.io,79295,9,2016-06-21
Connor Hensley,Marketing,connor.hensley@polars.io,113880,2,2022-11-22
Julie Smith,Finance,julie.smith@polars.io,179204,1,2023-11-03
Yvonne Murray,Sales,yvonne.murray@polars.io,66781,9,2015-07-28
Sheena Mills,,sheena.mills@polars.io,63867,6,2018-12-19
Michael Johnson,Engineering,michael.johnson@polars.io,179098,0,2025-04-16
Ashley Miller,HR,ashley.miller@polars.io,98686,3,2021-11-27
Jennifer Brown,Sales,jennifer.brown@polars.io,71389,5,2019-07-29
Kayla Sanchez,Marketing,kayla.sanchez@polars.io,139451,2,2023-05-15
Jennifer Black,Sales,jennifer.black@polars.io,62481,7,2017-08-28
Kristina Cowan,Engineering,kristina.cowan@polars.io,131181,8,2016-07-21
Judy Russell,HR,judy.russell@polars.io,93532,9,2016-04-28
Katie Gomez,HR,katie.gomez@polars.io,96067,6,2019-06-26
Derek Smith,Finance,derek.smith@polars.io,142398,5,2019-10-02
Katherine Davis,Finance,katherine.davis@polars.io,139672,2,2023-05-04
Amanda Lowe,Operations,amanda.lowe@polars.io,130407,0,2024-12-14
Mary Caldwell,Engineering,mary.caldwell@polars.io,160569,7,2018-02-21
James Burke,Marketing,james.burke@polars.io,91842,1,2024-05-10
Kevin Graham,Operations,kevin.graham@polars.io,80231,9,2016-03-11
Lisa Cline,Sales,lisa.cline@polars.io,85057,7,2017-11-05
James Harrington,,james.harrington@polars.io,55376,9,2015-11-09
Matthew Schneider,Operations,matthew.schneider@polars.io,94213,9,2015-08-16
Timothy Rice,HR,timothy.rice@polars.io,89736,6,2018-12-04
Michael Tyler,Sales,michael.tyler@polars.io,55430,3,2021-10-10
Danielle Martinez,Engineering,danielle.martinez@polars.io,193079,3,2022-06-22
Corey Valdez,Operations,corey.valdez@polars.io,89716,0,2024-08-16
Joseph Allen,Engineering,joseph.allen@polars.io,124813,2,2023-07-01
Jamie Williams,Marketing,jamie.williams@polars.io,117885,9,2016-02-17
Andrew Miller,Engineering,andrew.miller@polars.io,131495,0,2025-05-22
Courtney Calderon,HR,courtney.calderon@polars.io,71681,2,2022-08-07
Elizabeth Fields,Engineering,elizabeth.fields@polars.io,197983,9,2015-10-05
Lindsay Short,Operations,lindsay.short@polars.io,109841,9,2016-01-16
Yvonne Campbell,Sales,yvonne.campbell@polars.io,61103,4,2021-02-02
Marcus Casey,Engineering,marcus.casey@polars.io,169668,1,2023-12-11
Monique Clark,Finance,monique.clark@polars.io,192151,1,2024-02-18
Nathaniel Reyes,HR,nathaniel.reyes@polars.io,68817,1,2023-07-27
Kylie Olson,Finance,kylie.olson@polars.io,155968,5,2019-10-22
Aaron Clark,HR,aaron.clark@polars.io,94383,3,2021-07-26
Johnny Austin,Operations,johnny.austin@polars.io,120111,0,2025-05-22
Angela Fowler,,angela.fowler@polars.io,89665,1,2023-11-12
Kelly White,Marketing,kelly.white@polars.io,125131,9,2015-07-23
Rachel Brown,Engineering,rachel.brown@polars.io,175974,9,2016-02-07
Joy Navarro,Engineering,joy.navarro@polars.io,188864,9,2015-09-03
Teresa Moreno,Engineering,teresa.moreno@polars.io,137001,9,2015-10-04
Gregory Burnett,HR,gregory.burnett@polars.io,94059,10,2014-11-07
William Cervantes,HR,william.cervantes@polars.io,71790,9,2016-03-21
Kiara Davis,Marketing,kiara.davis@polars.io,99037,3,2022-07-17
Jeffrey Barnes,Sales,jeffrey.barnes@polars.io,56571,7,2017-09-01
Mark Cruz,Finance,mark.cruz@polars.io,135456,3,2021-09-05
Mitchell Barnes,HR,mitchell.barnes@polars.io,87134,0,2025-01-27
Mark Lewis,Engineering,mark.lewis@polars.io,193454,10,2015-04-02
Luis Mitchell,Sales,luis.mitchell@polars.io,68185,4,2021-03-09
Richard Gray,Finance,richard.gray@polars.io,128891,4,2021-02-14
Miguel Atkinson,,miguel.atkinson@polars.io,76228,0,2025-05-19
Troy Washington,Marketing,troy.washington@polars.io,101842,5,2019-12-28
Alexis Lopez,Marketing,alexis.lopez@polars.io,117284,9,2016-07-04
Emily Wright,Finance,emily.wright@polars.io,143020,3,2022-01-29
Tricia Sherman,Finance,tricia.sherman@polars.io,164294,10,2014-11-16
Janice Barnes,HR,janice.barnes@polars.io,62330,10,2015-05-11
Nicole Lee,HR,nicole.lee@polars.io,70183,10,2014-11-26
Manuel Jackson,Finance,manuel.jackson@polars.io,190381,5,2019-11-24
Sarah Gordon,Finance,sarah.gordon@polars.io,174257,0,2024-10-23
Kyle Chang,Engineering,kyle.chang@polars.io,194048,10,2015-02-08
John Matthews,,john.matthews@polars.io,56226,3,2021-09-25
Daniel Farmer,Marketing,daniel.farmer@polars.io,101739,5,2020-06-14
William Mitchell,Operations,william.mitchell@polars.io,98380,0,2025-01-24
Kim Cook,HR,kim.cook@polars.io,95014,2,2022-09-28
Randy Miller,,randy.miller@polars.io,80530,2,2022-09-16
Justin Shepard,Sales,justin.shepard@polars.io,75203,5,2019-07-20
William Mitchell,Sales,william.mitchell@polars.io,72792,6,2019-06-04
Douglas Thompson,HR,douglas.thompson@polars.io,75574,5,2019-11-29
Shannon Reeves,Finance,shannon.reeves@polars.io,159666,3,2021-10-22
Mrs. Karen Terry,Engineering,mrs..terry@polars.io,142939,1,2024-01-07
Jillian Elliott,Finance,jillian.elliott@polars.io,124901,3,2022-05-31
Jennifer Davis,HR,jennifer.davis@polars.io,93160,0,2024-11-11
Mrs. Hannah Copeland,,mrs..copeland@polars.io,65097,3,2022-01-24
Madison Frye,HR,madison.frye@polars.io,94316,4,2021-01-31
Matthew Levy,Operations,matthew.levy@polars.io,130428,1,2023-10-26
Natasha Hopkins,Marketing,natasha.hopkins@polars.io,88697,3,2022-06-29
Mary Durham,HR,mary.durham@polars.io,85400,8,2017-05-20
Andrew Sawyer,Sales,andrew.sawyer@polars.io,75380,0,2024-07-30
Emily Cook,Finance,emily.cook@polars.io,197894,1,2024-01-28
Sharon Serrano,HR,sharon.serrano@polars.io,63023,1,2023-10-24
Thomas Wolf,Finance,thomas.wolf@polars.io,160957,0,2024-09-24
Amy Johnson,Finance,amy.johnson@polars.io,160913,10,2015-04-03
Michael Hill,Engineering,michael.hill@polars.io,146287,3,2022-02-21
Nathaniel Fisher,Engineering,nathaniel.fisher@polars.io,189766,5,2019-12-05
Caitlyn Moreno,Marketing,caitlyn.moreno@polars.io,87710,4,2021-05-02
Joseph Holloway,Operations,joseph.holloway@polars.io,97933,1,2024-07-09
Renee Lynch,,renee.lynch@polars.io,88689,1,2024-04-02
Eric Petersen,,eric.petersen@polars.io,77958,8,2017-02-05
Brian Rodriguez,Engineering,brian.rodriguez@polars.io,138554,4,2020-09-27
William Moore,Operations,william.moore@polars.io,91224,1,2024-02-08
Matthew Johnson,,matthew.johnson@polars.io,77199,8,2016-12-03
Monique Quinn,Sales,monique.quinn@polars.io,63524,0,2024-11-17
Lauren Serrano,Marketing,lauren.serrano@polars.io,83306,1,2024-01-02
Holly Boyd,Sales,holly.boyd@polars.io,60643,6,2018-12-30
Paula Fernandez,Operations,paula.fernandez@polars.io,126181,9,2015-09-19
Cody Smith,Marketing,cody.smith@polars.io,134799,7,2017-09-06
Sandra Garza,Engineering,sandra.garza@polars.io,160952,5,2020-04-07
Scott Scott,Marketing,scott.scott@polars.io,129702,10,2014-10-19
Chelsea Fitzgerald,Sales,chelsea.fitzgerald@polars.io,85519,9,2016-05-12
Catherine Wright,Sales,catherine.wright@polars.io,85688,1,2023-11-26
David Johnson,Engineering,david.johnson@polars.io,181000,7,2018-03-22
Mike Gomez,Operations,mike.gomez@polars.io,89418,9,2016-03-08
Blake Berry,Engineering,blake.berry@polars.io,171390,2,2022-07-24
Theresa Cole,Marketing,theresa.cole@polars.io,101648,5,2019-11-28
Theresa Brown,HR,theresa.brown@polars.io,61983,1,2023-11-16
Ann Smith,Sales,ann.smith@polars.io,78032,7,2017-11-24
Dean Adams,Finance,dean.adams@polars.io,142387,4,2021-01-20
Gary Thomas,,gary.thomas@polars.io,63348,8,2017-05-27
Patricia Mckee,HR,patricia.mckee@polars.io,67011,5,2019-10-07
Tara Martin,Marketing,tara.martin@polars.io,84648,4,2020-10-18
Marc Shaw,HR,marc.shaw@polars.io,86267,9,2015-12-20
Yvonne Phillips,Operations,yvonne.phillips@polars.io,120689,3,2021-10-10
Pamela Solis,Operations,pamela.solis@polars.io,111612,6,2019-06-15
Eric Fox,Engineering,eric.fox@polars.io,147294,9,2015-12-11
Daniel Bright,Finance,daniel.bright@polars.io,177062,9,2016-01-25
Melanie Garner,,melanie.garner@polars.io,70476,2,2022-08-12
Tracey Wells,Marketing,tracey.wells@polars.io,85104,9,2015-11-12
Mr. Daniel Contreras,Sales,mr..contreras@polars.io,85337,5,2019-10-07
Shawn Hale,Sales,shawn.hale@polars.io,84177,2,2023-02-10
David Stewart,HR,david.stewart@polars.io,64561,9,2016-05-24
Jesus Castillo,Marketing,jesus.castillo@polars.io,133350,9,2016-01-06
Paul Guerrero,Engineering,paul.guerrero@polars.io,184788,10,2014-08-15
Brandon Adams,Sales,brandon.adams@polars.io,60933,3,2022-05-07
Joseph Lopez,,joseph.lopez@polars.io,55012,2,2022-08-13
Adam Walker,Operations,adam.walker@polars.io,109686,8,2017-02-19
Christina Williams,HR,christina.williams@polars.io,97875,7,2018-04-09
Philip Cunningham,Operations,philip.cunningham@polars.io,124663,5,2020-02-15
Nancy Shaw,,nancy.shaw@polars.io,74958,6,2019-01-23
Stacy Norman,Sales,stacy.norman@polars.io,55532,9,2015-10-31
Joseph Miller,HR,joseph.miller@polars.io,68359,4,2021-06-16
Sarah Haney,Engineering,sarah.haney@polars.io,191943,0,2025-07-16
Adam Avila,Marketing,adam.avila@polars.io,116702,5,2020-05-22
Dr. Timothy Byrd,Finance,dr..byrd@polars.io,156989,0,2025-03-18
Thomas Knight,HR,thomas.knight@polars.io,98676,6,2018-09-01
Brianna Smith,Engineering,brianna.smith@polars.io,170173,6,2019-01-04
Billy Lopez,HR,billy.lopez@polars.io,95724,3,2021-08-12
Katie Garcia,Operations,katie.garcia@polars.io,111121,2,2023-04-12
Brianna Scott,,brianna.scott@polars.io,80204,5,2019-12-17
Colleen Dominguez,Operations,colleen.dominguez@polars.io,98905,10,2015-05-16
Christina Craig,Operations,christina.craig@polars.io,80760,1,2023-08-20
Gabriella Arnold,Sales,gabriella.arnold@polars.io,64436,7,2017-08-16
Brian Wong,HR,brian.wong@polars.io,68898,1,2024-05-07
Douglas Marshall,Marketing,douglas.marshall@polars.io,132818,6,2018-11-27
Eric Brown,Finance,eric.brown@polars.io,199223,6,2018-09-02
Rachel Webb,Operations,rachel.webb@polars.io,109779,8,2016-12-13
Crystal Rodriguez,,crystal.rodriguez@polars.io,84494,6,2019-01-18
Jose Smith,Operations,jose.smith@polars.io,92176,6,2018-09-12
Melissa Sims,Sales,melissa.sims@polars.io,87647,3,2021-07-18
James Murillo,,james.murillo@polars.io,72645,6,2018-10-12
Kathleen Wyatt,,kathleen.wyatt@polars.io,79049,0,2025-06-27
Tonya Matthews,,tonya.matthews@polars.io,86671,5,2020-05-21
Eric Wagner,,eric.wagner@polars.io,86557,1,2024-05-05
Cynthia Martin,Marketing,cynthia.martin@polars.io,127926,8,2017-02-25
Dennis Garcia,HR,dennis.garcia@polars.io,93878,1,2023-10-23
Ricky Zamora,,ricky.zamora@polars.io,60796,3,2021-11-18
Keith Gross,Marketing,keith.gross@polars.io,128607,10,2014-08-11
Katherine Williams,Sales,katherine.williams@polars.io,75479,9,2016-06-21
Leah Harrison,Engineering,leah.harrison@polars.io,190127,0,2024-11-18
John Johnson,HR,john.johnson@polars.io,93597,7,2017-09-28
Erica Long,Marketing,erica.long@polars.io,101726,6,2019-01-19
Danielle Scott,Finance,danielle.scott@polars.io,158616,4,2021-04-23
Kristin Young,Sales,kristin.young@polars.io,74927,9,2016-03-07
Kari Diaz,Sales,kari.diaz@polars.io,86009,9,2016-04-23
Garrett Moore,,garrett.moore@polars.io,58382,10,2015-02-20
Katie Potter,Finance,katie.potter@polars.io,123578,4,2020-11-11
Mr. Francisco Waters MD,Sales,mr..md@polars.io,63311,8,2017-06-09
Carrie Haley,Finance,carrie.haley@polars.io,156418,4,2021-05-11
Valerie Rivera,,valerie.rivera@polars.io,73413,4,2021-03-08
Cynthia Estrada,Sales,cynthia.estrada@polars.io,62310,9,2016-04-20
Rebecca Skinner,,rebecca.skinner@polars.io,64904,10,2014-12-03
Emily Fitzgerald,Engineering,emily.fitzgerald@polars.io,142989,4,2020-07-24
Margaret Hunter,Operations,margaret.hunter@polars.io,111779,2,2022-10-20
Mary Palmer,Finance,mary.palmer@polars.io,124337,5,2020-06-04
Daniel Owens,Operations,daniel.owens@polars.io,119029,2,2022-11-06
Jody Rice,Finance,jody.rice@polars.io,174125,6,2019-03-19
Michael Grant,Marketing,michael.grant@polars.io,108847,10,2015-04-25
Larry Owens,Operations,larry.owens@polars.io,117863,5,2020-06-20
Christine Williamson,Marketing,christine.williamson@polars.io,97327,1,2024-06-20
Matthew Hernandez,Operations,matthew.hernandez@polars.io,110409,6,2018-11-17
Matthew Lawson,Engineering,matthew.lawson@polars.io,182425,8,2017-03-21
William Johnson,HR,william.johnson@polars.io,85563,7,2018-03-06
Robert Hall,Operations,robert.hall@polars.io,114763,6,2019-07-12
Kayla Elliott,Engineering,kayla.elliott@polars.io,178827,6,2018-08-05
Chelsea Williamson,Engineering,chelsea.williamson@polars.io,189501,10,2015-06-28
Elizabeth Clark,Sales,elizabeth.clark@polars.io,89818,10,2015-01-19
Nathan Hernandez,Finance,nathan.hernandez@polars.io,176595,9,2015-08-20
Randy Taylor,Finance,randy.taylor@polars.io,155728,5,2020-03-01
Mr. Darin Wells,Engineering,mr..wells@polars.io,132881,4,2020-08-16
Kelly Wallace,,kelly.wallace@polars.io,80634,7,2017-08-07
Melissa Berger DVM,Marketing,melissa.dvm@polars.io,95846,10,2014-09-21
Allison Mercer,Finance,allison.mercer@polars.io,145549,8,2017-01-27
Anthony Farmer,Marketing,anthony.farmer@polars.io,125238,2,2023-02-07
Cindy Diaz,,cindy.diaz@polars.io,55693,10,2015-07-15
Benjamin Evans,Finance,benjamin.evans@polars.io,128906,0,2024-12-18
Linda Schroeder,Sales,linda.schroeder@polars.io,89423,1,2023-08-01
Elizabeth Sanders,HR,elizabeth.sanders@polars.io,83036,3,2022-02-22
Carrie Montoya,Engineering,carrie.montoya@polars.io,145307,0,2025-07-04
Paul Castro,,paul.castro@polars.io,61025,0,2024-09-15
William Duncan,Marketing,william.duncan@polars.io,138587,3,2021-09-14
Victor Brown,Marketing,victor.brown@polars.io,87981,1,2024-06-02
James Wilson,Finance,james.wilson@polars.io,199257,2,2023-01-06
Richard Chapman MD,Marketing,richard.md@polars.io,130060,10,2014-10-03
Alyssa Hanson,Finance,alyssa.hanson@polars.io,144217,1,2023-07-26
Brian Black,Operations,brian.black@polars.io,96602,4,2020-11-20
Luis Williams,Marketing,luis.williams@polars.io,84962,10,2014-11-29
Amanda Carter,Engineering,amanda.carter@polars.io,175965,10,2015-02-04
Stacy Brown,Engineering,stacy.brown@polars.io,141229,1,2024-02-26
Zachary Powell,Finance,zachary.powell@polars.io,128177,6,2019-01-01
Melissa Oneal,Engineering,melissa.oneal@polars.io,127872,4,2021-03-04
Pamela Roberts,Operations,pamela.roberts@polars.io,108873,1,2023-11-08
Kayla Dixon,Operations,kayla.dixon@polars.io,119996,6,2019-04-18
Zachary King,Marketing,zachary.king@polars.io,112247,1,2024-05-04
Suzanne Greene,,suzanne.greene@polars.io,83262,3,2021-09-06
Daniel Blanchard,Marketing,daniel.blanchard@polars.io,86963,7,2018-03-08
Susan Lloyd,Sales,susan.lloyd@polars.io,57284,1,2024-06-10
Debra Poole,,debra.poole@polars.io,71423,7,2018-07-09
Ryan Doyle,HR,ryan.doyle@polars.io,69755,10,2014-08-26
Andrew Reyes,Sales,andrew.reyes@polars.io,57479,10,2015-01-01
Jean Wilson,Engineering,jean.wilson@polars.io,139871,5,2019-12-30
Cristina Williams,,cristina.williams@polars.io,55242,8,2016-07-21
Justin Cantu,Finance,justin.cantu@polars.io,184314,7,2017-12-07
Sean Mcgee,HR,sean.mcgee@polars.io,64594,8,2017-03-25
Lindsey Patel,Sales,lindsey.patel@polars.io,80193,7,2018-05-17
Clifford Smith,,clifford.smith@polars.io,78522,5,2019-08-03
Gregory Carter,Engineering,gregory.carter@polars.io,172509,0,2024-08-27
Jennifer Gonzales,Marketing,jennifer.gonzales@polars.io,85941,5,2019-10-18
Lisa Conner,Finance,lisa.conner@polars.io,164572,1,2023-11-24
Christine Snyder,Finance,christine.snyder@polars.io,158005,10,2015-04-07
Mrs. Jennifer Duncan,Operations,mrs..duncan@polars.io,116338,0,2025-01-01
Joseph Morgan,Marketing,joseph.morgan@polars.io,92517,4,2020-07-26
Kylie Clarke,HR,kylie.clarke@polars.io,66997,10,2014-08-01
Jeremy Rodriguez,Engineering,jeremy.rodriguez@polars.io,183766,1,2023-08-28
Spencer Phillips,HR,spencer.phillips@polars.io,72416,2,2023-06-29
Richard Ford,Operations,richard.ford@polars.io,81662,9,2016-03-18
Michelle Sweeney,HR,michelle.sweeney@polars.io,85478,1,2023-10-14
Robin Schultz,Marketing,robin.schultz@polars.io,100167,7,2017-10-18
Randy Roberts,Finance,randy.roberts@polars.io,178891,0,2025-06-28
Jasmine Robertson,Engineering,jasmine.robertson@polars.io,127347,5,2020-06-26
Sherri Wilson,HR,sherri.wilson@polars.io,67745,3,2021-08-17
Jessica Newton,Marketing,jessica.newton@polars.io,114283,7,2017-08-05
Juan Flowers,Finance,juan.flowers@polars.io,190328,2,2022-09-24
Jamie Cooley,Operations,jamie.cooley@polars.io,84720,0,2025-05-05
Shane Kelly,HR,shane.kelly@polars.io,61249,7,2017-09-05
Makayla Carr,Sales,makayla.carr@polars.io,70904,10,2015-05-14
Nancy Dunlap,Sales,nancy.dunlap@polars.io,66288,10,2015-06-24
Christina Thomas,Engineering,christina.thomas@polars.io,132752,7,2017-09-09
Caitlin Kerr,Operations,caitlin.kerr@polars.io,134745,9,2016-06-16
Anthony Lawrence,Finance,anthony.lawrence@polars.io,133937,1,2023-11-05
Michael Stewart,,michael.stewart@polars.io,69455,1,2024-04-04
Morgan Allen,HR,morgan.allen@polars.io,82108,10,2014-12-26
Carrie Richardson,Engineering,carrie.richardson@polars.io,135833,10,2014-09-28
Lisa Watson,,lisa.watson@polars.io,64000,5,2020-03-30
Kristen Vargas,Finance,kristen.vargas@polars.io,125975,9,2016-04-21
Amanda Meyer,Engineering,amanda.meyer@polars.io,128286,1,2024-02-27
Daniel Singleton,Operations,daniel.singleton@polars.io,129646,6,2019-04-23
Daniel Rodriguez,Marketing,daniel.rodriguez@polars.io,104243,8,2017-04-25
Eric Mcgee,HR,eric.mcgee@polars.io,75967,9,2016-06-28
Christine Duran,Operations,christine.duran@polars.io,86551,10,2014-09-09
Ronald Taylor,HR,ronald.taylor@polars.io,70338,0,2024-11-09
John Martinez,Sales,john.martinez@polars.io,55416,0,2025-04-16
Brent Shah,Sales,brent.shah@polars.io,73594,6,2018-07-28
Lisa Galvan,Finance,lisa.galvan@polars.io,182391,2,2023-04-03
Dominic Jackson,Operations,dominic.jackson@polars.io,121931,4,2020-10-23
Leslie Brown,HR,leslie.brown@polars.io,87002,3,2022-04-19
Sydney Sims,,sydney.sims@polars.io,57465,9,2016-04-17
Elizabeth Schultz,Marketing,elizabeth.schultz@polars.io,112760,9,2016-06-03
Nicholas Henry MD,Marketing,nicholas.md@polars.io,134164,4,2021-01-20
Jeffrey Houston,HR,jeffrey.houston@polars.io,60299,8,2017-03-20
Elizabeth White,Operations,elizabeth.white@polars.io,87700,8,2017-05-31
Mindy Thomas,,mindy.thomas@polars.io,78717,8,2016-11-01
Tiffany Roberts,Operations,tiffany.roberts@polars.io,110422,10,2014-08-16
Dustin Hudson,Operations,dustin.hudson@polars.io,98115,0,2025-04-08
Sara Salazar,Sales,sara.salazar@polars.io,64779,10,2014-11-19
Tyler Clark,HR,tyler.clark@polars.io,71555,2,2022-08-08
Kevin Mills,Sales,kevin.mills@polars.io,58540,10,2015-01-14
Lynn Lopez,Engineering,lynn.lopez@polars.io,147471,6,2019-03-12
Jeff Villegas,Engineering,jeff.villegas@polars.io,179394,0,2025-05-24
Terry Bonilla,Marketing,terry.bonilla@polars.io,83437,8,2017-04-19
Shawn Edwards,Operations,shawn.edwards@polars.io,131478,0,2024-11-10
Chase Thomas,,chase.thomas@polars.io,62606,1,2024-03-18
Melissa Prince,Marketing,melissa.prince@polars.io,109151,9,2015-09-26
Dawn Kelly,Engineering,dawn.kelly@polars.io,174927,3,2021-08-05
Gabriel Barr,Engineering,gabriel.barr@polars.io,150154,1,2024-02-01
Brianna Hill,Operations,brianna.hill@polars.io,86426,3,2021-12-18
Joshua Garner,Finance,joshua.garner@polars.io,146208,6,2019-03-28
Marcus Lopez,Sales,marcus.lopez@polars.io,85866,9,2015-11-13
Susan Chambers,Sales,susan.chambers@polars.io,83564,2,2023-03-29
Christian Bradley,,christian.bradley@polars.io,84818,2,2022-12-31
Casey Washington,Engineering,casey.washington@polars.io,137878,7,2018-04-10
Deborah Hernandez,Marketing,deborah.hernandez@polars.io,103500,4,2021-04-05
Joshua Watts,Engineering,joshua.watts@polars.io,136673,0,2024-07-27
Jason Thomas,,jason.thomas@polars.io,58909,4,2021-05-09
James Compton,Sales,james.compton@polars.io,85509,7,2017-12-16
Veronica Reed,Operations,veronica.reed@polars.io,129829,5,2020-03-27
Jamie Bishop,Engineering,jamie.bishop@polars.io,199119,2,2022-08-25
Glenn Washington,,glenn.washington@polars.io,66136,9,2015-10-09
Amber Collier,Finance,amber.collier@polars.io,150107,1,2023-12-19
Ann Adams,Finance,ann.adams@polars.io,188389,7,2018-03-30
Blake Melton,,blake.melton@polars.io,86030,7,2018-02-26
Jamie Smith,Sales,jamie.smith@polars.io,83056,3,2022-03-13
Ronald Thomas,Engineering,ronald.thomas@polars.io,176917,9,2016-03-27
Michael Reed,,michael.reed@polars.io,64762,9,2016-07-16
Dr. Brooke Ward,HR,dr..ward@polars.io,62898,0,2024-11-18
Kyle Dean,Marketing,kyle.dean@polars.io,130371,8,2017-07-01
Danielle Schneider,HR,danielle.schneider@polars.io,94807,6,2018-11-15
Cheryl Peterson,Finance,cheryl.peterson@polars.io,132844,7,2017-11-07
Jason Garcia,Operations,jason.garcia@polars.io,85445,8,2017-07-12
Beth Martin,Marketing,beth.martin@polars.io,127958,6,2019-03-29
Jeremiah Pierce,Operations,jeremiah.pierce@polars.io,103488,4,2021-03-17
Sherri Farrell,Marketing,sherri.farrell@polars.io,85946,0,2024-11-13
Alex Lowe,Marketing,alex.lowe@polars.io,99977,2,2022-07-22
Bruce Young,HR,bruce.young@polars.io,97380,9,2016-07-06
Roy Adams,HR,roy.adams@polars.io,90393,2,2022-07-22
Laura Williams,HR,laura.williams@polars.io,72120,5,2019-09-01
Melanie Williams,HR,melanie.williams@polars.io,60089,10,2015-06-13
Stephen Jackson,HR,stephen.jackson@polars.io,81817,8,2017-07-02
George Garrett,Engineering,george.garrett@polars.io,175823,4,2020-07-25
Adrian Graham,,adrian.graham@polars.io,68575,10,2015-06-08
Thomas Pierce,,thomas.pierce@polars.io,77000,0,2024-10-26
Heather Larson,Marketing,heather.larson@polars.io,103854,0,2025-05-21
Robert Gray,HR,robert.gray@polars.io,83959,7,2017-09-05
Keith Joseph,Sales,keith.joseph@polars.io,78958,5,2020-04-19
Amanda Parker,Marketing,amanda.parker@polars.io,116620,1,2023-10-03
Christopher Cantu,Marketing,christopher.cantu@polars.io,130697,3,2022-05-08
Jeffrey Hopkins,Engineering,jeffrey.hopkins@polars.io,151278,8,2017-05-21
Scott Campbell,Marketing,scott.campbell@polars.io,111358,9,2015-07-25
Paul Cunningham,Operations,paul.cunningham@polars.io,129359,3,2022-02-03
Andrew Carroll,Engineering,andrew.carroll@polars.io,155043,8,2016-08-04
Amber Harris,HR,amber.harris@polars.io,78162,0,2025-06-14
Kevin Reyes,Engineering,kevin.reyes@polars.io,165249,7,2017-11-12
Kayla Brown,,kayla.brown@polars.io,89516,1,2023-11-19
Diane Bradford,Marketing,diane.bradford@polars.io,114858,10,2014-10-20
David Garcia,Engineering,david.garcia@polars.io,179241,9,2016-01-12
Barbara Campbell PhD,Finance,barbara.phd@polars.io,128601,3,2021-11-25
George Floyd,Sales,george.floyd@polars.io,60254,6,2019-04-18
Mark Hawkins,Engineering,mark.hawkins@polars.io,130085,1,2024-04-23
Cindy Bush,Engineering,cindy.bush@polars.io,134683,2,2022-11-05
Tara Garza,Operations,tara.garza@polars.io,137343,3,2021-10-24
Miranda Hawkins,Marketing,miranda.hawkins@polars.io,81487,4,2020-12-16
Charles Bradshaw,Marketing,charles.bradshaw@polars.io,115483,2,2022-11-17
Amy Pham,Engineering,amy.pham@polars.io,175067,7,2017-08-22
Brandon Kemp,Sales,brandon.kemp@polars.io,74104,3,2022-06-15
Jimmy Sparks,Sales,jimmy.sparks@polars.io,70225,8,2016-08-22
Shelby Lawson,Engineering,shelby.lawson@polars.io,173961,9,2016-01-25
Alexis Smith,Marketing,alexis.smith@polars.io,122339,5,2019-11-12
Justin Nelson,,justin.nelson@polars.io,89744,8,2016-12-03
Jesus Fletcher,HR,jesus.fletcher@polars.io,79928,9,2016-05-12
Nicole Kennedy,Finance,nicole.kennedy@polars.io,160172,2,2023-03-06
Carol Garcia,Operations,carol.garcia@polars.io,111735,5,2020-02-21
Mary Smith,Finance,mary.smith@polars.io,126202,2,2023-01-18
Jason Marshall,Engineering,jason.marshall@polars.io,179759,2,2022-09-04
Jeffery Cameron,Operations,jeffery.cameron@polars.io,126649,8,2017-02-22
Keith Carson,Operations,keith.carson@polars.io,91492,10,2015-05-02
Jason Alvarez,Operations,jason.alvarez@polars.io,95591,1,2024-06-25
James Evans,Engineering,james.evans@polars.io,195304,2,2022-12-04
Lori Hill,Engineering,lori.hill@polars.io,168453,2,2023-04-03
Erin Warner,,erin.warner@polars.io,57273,10,2015-02-07
Kathryn Wilkinson,Engineering,kathryn.wilkinson@polars.io,139391,5,2019-12-01
Deborah Cruz,,deborah.cruz@polars.io,65655,8,2017-02-14
Michael Ochoa,Sales,michael.ochoa@polars.io,56633,6,2018-11-05
Jean Black,Finance,jean.black@polars.io,139055,7,2018-02-05
Joseph Bailey,Operations,joseph.bailey@polars.io,80281,8,2016-11-01
Nathan Rivera,Engineering,nathan.rivera@polars.io,158739,7,2018-02-20
Anne Taylor,Finance,anne.taylor@polars.io,195199,10,2015-05-05
Dustin Martin,Finance,dustin.martin@polars.io,194086,7,2018-01-26
Donald Peterson,Marketing,donald.peterson@polars.io,87360,7,2018-06-28
Anthony Jimenez,Operations,anthony.jimenez@polars.io,124433,8,2017-05-20
Bianca Moore,Engineering,bianca.moore@polars.io,123250,6,2018-09-05
Ryan Henry,Finance,ryan.henry@polars.io,148883,7,2018-01-17
Melinda Wilson,Sales,melinda.wilson@polars.io,76388,0,2024-09-08
Heather Anderson MD,Marketing,heather.md@polars.io,92789,9,2015-10-23
Christopher Lamb,Operations,christopher.lamb@polars.io,131202,4,2021-04-08
Gerald Long,Sales,gerald.long@polars.io,60478,8,2016-12-02
Scott Wilson,Marketing,scott.wilson@polars.io,124011,1,2023-10-28
Todd Cohen,HR,todd.cohen@polars.io,72743,7,2018-02-06
Amber Smith,,amber.smith@polars.io,88525,0,2024-08-09
Dr. Brandon Flores,Engineering,dr..flores@polars.io,172108,2,2022-12-11
Christina Weaver,Engineering,christina.weaver@polars.io,170608,5,2020-07-11
Ryan Freeman,Engineering,ryan.freeman@polars.io,165209,5,2020-02-11
Alison Wilson,HR,alison.wilson@polars.io,96767,1,2024-03-28
Deborah Hancock,Marketing,deborah.hancock@polars.io,138183,7,2017-12-18
Jennifer Wilcox,Finance,jennifer.wilcox@polars.io,177999,4,2021-04-25
Stephanie Bass,Finance,stephanie.bass@polars.io,175552,6,2019-05-08
Tina Miller,Finance,tina.miller@polars.io,196962,9,2016-06-04
Peter Green,Operations,peter.green@polars.io,93617,4,2020-11-16
Patricia Duncan,Finance,patricia.duncan@polars.io,188852,5,2020-06-14
Jennifer Murphy,,jennifer.murphy@polars.io,79626,1,2024-07-13
Rachel Walker,HR,rachel.walker@polars.io,77912,6,2019-04-20
James Bryant,,james.bryant@polars.io,85285,9,2016-05-09
Patricia Vazquez,Operations,patricia.vazquez@polars.io,92190,6,2019-02-20
Katie Clay,,katie.clay@polars.io,87151,0,2025-02-12
Monique Swanson,Finance,monique.swanson@polars.io,196704,4,2020-11-07
Christopher Lynch,,christopher.lynch@polars.io,85372,3,2022-07-04
